{
  "mosh@neocore.tech": {
    "email": "mosh@neocore.tech",
    "position": [
      62.70293994324791,
      3.1003853174931937,
      -55.98000224798111
    ],
    "money": 1000000,
    "health": 200,
    "hydration": 88.79000000000185,
    "oxygen": 96.80000000000216
  }
}